{
  "timestamp": "2025-10-08T16:58:30.172560Z",
  "training_time": 1.116429090499878,
  "use_pca": true,
  "use_pls": false,                                       w
  "n_components": 50,
  "validation_split": 0.3333333333333333,
  "min_samples_per_class": 3,
  "n_samples": 89,
  "labels": [
    "Acetaminophen",
    "Amlodipine",
    "Aspirin",
    "Atorvastatin",
    "Caffeine",
    "Chloroform",
    "Cyclohexane",
    "Diclofenac",
    "Ibuprofen",
    "Metformin",
    "Omeprazole",
    "R040003-3",
    "R040003-4",
    "R040003-5",
    "R040004-5",
    "R040006-3",
    "R040006-4",
    "R040006-6",
    "R040006-8",
    "Simvastatin"
  ],
  "label_counts": {
    "Acetaminophen": 4,
    "Amlodipine": 3,
    "Aspirin": 4,
    "Atorvastatin": 3,
    "Caffeine": 3,
    "Chloroform": 5,
    "Cyclohexane": 5,
    "Diclofenac": 3,
    "Ibuprofen": 4,
    "Metformin": 3,
    "Omeprazole": 3,
    "R040003-3": 5,
    "R040003-4": 5,
    "R040003-5": 6,
    "R040004-5": 6,
    "R040006-3": 6,
    "R040006-4": 6,
    "R040006-6": 6,
    "R040006-8": 6,
    "Simvastatin": 3
  },
  "excluded_labels": {
    "Albite": 1,
    "Albuterol": 2,
    "Alprazolam": 2,
    "Amoxicillin": 2,
    "Andalusite": 1,
    "Azithromycin": 2,
    "Clopidogrel": 2,
    "Duloxetine": 2,
    "Edingtonite": 2,
    "Escitalopram": 2,
    "Fluticasone": 2,
    "Gabapentin": 2,
    "Hydrochlorothiazide": 2,
    "Levothyroxine": 2,
    "Lisinopril": 2,
    "Losartan": 2,
    "Metoprolol": 2,
    "Montelukast": 2,
    "Pantoprazole": 2,
    "Prednisone": 2,
    "Product Information": 2,
    "Quartz": 1,
    "R040006-7": 2,
    "R040012-1": 1,
    "R040054-1": 1,
    "R040059-1": 1,
    "R040061-1": 1,
    "R040062-1": 1,
    "R040063-1": 1,
    "R040064-1": 1,
    "R040067-1": 1,
    "R040068-1": 1,
    "R040076-1": 1,
    "R040078-1": 1,
    "R040079-1": 1,
    "R040092-1": 1,
    "R040093-1": 1,
    "R040094-1": 1,
    "R040129-1": 1,
    "R040133-1": 1,
    "R040134-1": 1,
    "R040135-1": 1,
    "R040136-1": 1,
    "R050025-1": 1,
    "R050029-1": 1,
    "R050167-1": 1,
    "R050181-1": 1,
    "R050258-1": 1,
    "Rhodochrosite": 1,
    "Rosuvastatin": 2,
    "Sertraline": 2,
    "Spectra Api Compounds": 1,
    "Tramadol": 2
  },
  "rf_accuracy": 0.36666666666666664,
  "svm_accuracy": 0.4666666666666667,
  "nn_accuracy": 0.4666666666666667,
  "ensemble_accuracy": 0.43333333333333335,
  "classification_report": {
    "Acetaminophen": {
      "precision": 0.0,
      "recall": 0.0,
      "f1-score": 0.0,
      "support": 1.0
    },
    "Amlodipine": {
      "precision": 0.0,
      "recall": 0.0,
      "f1-score": 0.0,
      "support": 1.0
    },
    "Aspirin": {
      "precision": 0.0,
      "recall": 0.0,
      "f1-score": 0.0,
      "support": 1.0
    },
    "Atorvastatin": {
      "precision": 0.0,
      "recall": 0.0,
      "f1-score": 0.0,
      "support": 1.0
    },
    "Caffeine": {
      "precision": 0.0,
      "recall": 0.0,
      "f1-score": 0.0,
      "support": 1.0
    },
    "Chloroform": {
      "precision": 1.0,
      "recall": 1.0,
      "f1-score": 1.0,
      "support": 2.0
    },
    "Cyclohexane": {
      "precision": 1.0,
      "recall": 1.0,
      "f1-score": 1.0,
      "support": 2.0
    },
    "Diclofenac": {
      "precision": 0.0,
      "recall": 0.0,
      "f1-score": 0.0,
      "support": 1.0
    },
    "Ibuprofen": {
      "precision": 0.0,
      "recall": 0.0,
      "f1-score": 0.0,
      "support": 1.0
    },
    "Metformin": {
      "precision": 0.0,
      "recall": 0.0,
      "f1-score": 0.0,
      "support": 1.0
    },
    "Omeprazole": {
      "precision": 0.0,
      "recall": 0.0,
      "f1-score": 0.0,
      "support": 1.0
    },
    "R040003-3": {
      "precision": 0.0,
      "recall": 0.0,
      "f1-score": 0.0,
      "support": 2.0
    },
    "R040003-4": {
      "precision": 0.0,
      "recall": 0.0,
      "f1-score": 0.0,
      "support": 2.0
    },
    "R040003-5": {
      "precision": 0.3333333333333333,
      "recall": 0.5,
      "f1-score": 0.4,
      "support": 2.0
    },
    "R040004-5": {
      "precision": 1.0,
      "recall": 0.5,
      "f1-score": 0.6666666666666666,
      "support": 2.0
    },
    "R040006-3": {
      "precision": 0.0,
      "recall": 0.0,
      "f1-score": 0.0,
      "support": 2.0
    },
    "R040006-4": {
      "precision": 0.5,
      "recall": 1.0,
      "f1-score": 0.6666666666666666,
      "support": 2.0
    },
    "R040006-6": {
      "precision": 1.0,
      "recall": 1.0,
      "f1-score": 1.0,
      "support": 2.0
    },
    "R040006-8": {
      "precision": 0.4,
      "recall": 1.0,
      "f1-score": 0.5714285714285714,
      "support": 2.0
    },
    "Simvastatin": {
      "precision": 1.0,
      "recall": 1.0,
      "f1-score": 1.0,
      "support": 1.0
    },
    "accuracy": 0.43333333333333335,
    "macro avg": {
      "precision": 0.31166666666666665,
      "recall": 0.35,
      "f1-score": 0.3152380952380952,
      "support": 30.0
    },
    "weighted avg": {
      "precision": 0.38222222222222224,
      "recall": 0.43333333333333335,
      "f1-score": 0.38698412698412693,
      "support": 30.0
    }
  },